URL,Status,Title (Meta),H1,Meta Description
https://bluepixel.mx,200,Bluepixel — Digital Evolution Partner | Enterprise Platforms Mexico,"We Build, Evolve, and ScaleAI-Powered Digital Platforms","Digital Products Agency - BluePixel | Software, Mobile App & Web Development"
https://bluepixel.mx/,200,Bluepixel — Digital Evolution Partner | Enterprise Platforms Mexico,"We Build, Evolve, and ScaleAI-Powered Digital Platforms","Digital Products Agency - BluePixel | Software, Mobile App & Web Development"
https://bluepixel.mx/about-us,200,About BluePixel | UX/UI Agency and Software Development in Mexico,Business results driven by digital platforms.,We are a UX/UI agency and software development company recognized in Mexico. We create digital platforms that generate real results.
https://bluepixel.mx/build,200,Digital Platform Development | Product Strategy & Engineering,Build,"Design and build scalable digital platforms through product strategy, UX research, cloud architecture, and high-performance software development."
https://bluepixel.mx/futureproof,200,Digital Product Optimization | Continuous Platform Evolution,Evolve,"Optimize and evolve digital platforms through analytics, UX research, experimentation, and continuous product improvement."
https://bluepixel.mx/web-development,200,Web Development Agency | Let Us Boost Your Online Presence,Custom Web Development& Design That Scales,Partner with our web development experts to create engaging websites that boost user experience and drive conversions. Contact us today!
https://bluepixel.mx/mobile-app-development,200,"Mobile App Development Services | High-Performance Apps, Seamless Experience","Powerful Apps,Proven Results","Turn your app idea into a high-performing, scalable solution. Engage your audience with seamless mobile experiences. Contact us now!"
https://bluepixel.mx/headless-development,200,Headless Web Development & Website Creation Services | BluePixel,Headless SoftwareDevelopment,"Build faster, scalable websites with our headless web development and website creation services. Custom frontends, flexible backends, future-ready tech."
https://bluepixel.mx/ux-ui-design,200,BluePixel | UX/UI Design & Development Agency,"Stunning Designs,Seamless Experiences","We craft seamless user experiences with our expert UX and UI design services, boosting usability and driving higher conversions."
https://bluepixel.mx/ux-audit-optimization-services,200,UX: Audit & User Experience Optimization Services | BluePixel,Evaluate. Improve. Elevate.Smarter UX That Drives Real Results,"Improve your performance with our UX audit services. We deliver expert user experience audits, usability testing, and actionable design insights."
https://bluepixel.mx/brand-identity-design-services,200,Brand Identity Design & Scalable Design Systems | BluePixel,"Crafted to Connect,Built to Scale","Build a consistent, scalable brand with our brand identity design services. We craft visual identities, brand guidelines, and design systems that grow with you."
https://bluepixel.mx/ux-dashboard-design,200,UX-Driven Dashboard Services | BluePixel,UX Dashboard DesignThat Drives Decisions,"We design UX- dirven dashboards that drive action. We use real-time metrics, behavior tracking, and AI-powered data insights."
https://bluepixel.mx/predictive-behavioral-analytics-services,200,Predictive & Behavioral Analytics Services | BluePixel,See What Users DoPredict What They’ll Do Next,Forecast user behavior with our predictive analytics services. We combine behavioral analytics and AI to personalize journeys and optimize product decisions.
https://bluepixel.mx/data-warehouse-architecture-services,200,"Scalable Data Architecture Services for AI, Analytics & Growth",Solid FoundationsData Built to Scale With You,"We'll help you build clean, scalable data systems. Our data architecture services include warehouse design, event tracking, and analytics pipelines, all tailored for growth, AI, and product teams."
https://bluepixel.mx/ai-strategy-workflow-automation-services,200,AI Strategy Consulting & Workflow Mapping for ROI | BluePixel,Find the Right AI Strategyfor Real Business Impact,"Discover where AI drives real business value. We map AI opportunities, assess data readiness, and build ROI-focused automation strategies."
https://bluepixel.mx/smart-ux-flows-ai-copilots,200,"AI & UX: Smart Flows, Copilots, and Customer Experience | BluePixel",AI That Works Behind the ScenesUX That Feels Smarter,Boost customer experience and engagement with AI-powered UX flows and in-product copilots. We design personalized interfaces that drive real business impact.
https://bluepixel.mx/custom-ai-agents,200,Custom AI Agents for Customer Service & Product Workflows | BluePixel,AI Agents With PurposeCustom-Built for Your Product and Users,Deploy custom AI agents that go beyond chat. We build context-aware assistants with real-time integrations for customer service and product automation.
https://bluepixel.mx/case-studies,200,"Case Studies: UX, Digital Products & Enterprise Platforms | BluePixel",Built for Brands That Mean Business,"Discover BluePixel case studies in UX design, digital product development and enterprise platforms for leading global brands."
https://bluepixel.mx/careers,200,Careers in Technology | BluePixel,"Work, Innovate, and Elevate Your Tech Career at BluePixel",Boost your tech career at BluePixel! Join a dynamic team where learning and growth drive success. We’re seeking top talent!
https://bluepixel.mx/contact,200,Contact BluePixel - Your Partner in Tech Development and UX/UI Design,FALTA H1,BluePixel: Your one-stop destination for product design & development. We create world-class software through UX/UI design and software development.
